<drawing><figures><ent id="0"><children><r id="1" x="113" y="112" w="115" h="32"><a><fillColor><color rgba="#ffebffe8"/></fillColor></a></r><t id="2" x="147.9033203125" y="120.7080078125"><a><text><string>utentes</string></text></a></t></children></ent><atrchave id="3" nullable="false" attributeType="NUMBER"><children><e id="4" x="16" y="116" w="80" h="20"><a><fillColor><color rgba="#ffffebeb"/></fillColor></a></e><t id="5" x="44.6064453125" y="118.7080078125"><a><fontUnderlined><boolean>true</boolean></fontUnderlined><fontBold><boolean>true</boolean></fontBold><text><string>sns</string></text></a></t></children></atrchave><lcaf id="6"><points><p colinear="true" x="96" y="126.69868995633188" c1x="0" c1y="0" c2x="0" c2y="0"/><p colinear="true" x="113" y="126.99563318777292" c1x="0" c1y="0" c2x="0" c2y="0"/></points><startConnector><rConnector id="7"><Owner><atrchave ref="3"/></Owner></rConnector></startConnector><endConnector><rConnector id="8"><Owner><ent ref="0"/></Owner></rConnector></endConnector></lcaf><ent id="9"><children><r id="a" x="485" y="178" w="120.30078125" h="40"><a><fillColor><color rgba="#ffebffe8"/></fillColor></a></r><t id="b" x="501.287109375" y="190.7080078125"><a><text><string>medicamentos</string></text></a></t></children></ent><ent id="c"><children><r id="d" x="308" y="387" w="80" h="40"><a><fillColor><color rgba="#ffebffe8"/></fillColor></a></r><t id="e" x="323.3935546875" y="399.7080078125"><a><text><string>doencas</string></text></a></t></children></ent><atr id="f" nullable="false" attributeType="VARCHAR2(128)"><children><e id="10" x="21" y="56" w="80" h="20"><a><fillColor><color rgba="#ffffebeb"/></fillColor></a></e><t id="11" x="44.1513671875" y="58.7080078125"><a><text><string>nome</string></text></a></t></children></atr><atr id="12" nullable="false" attributeType="VARCHAR2(128)"><children><e id="13" x="92" y="14" w="116.064453125" h="20"><a><fillColor><color rgba="#ffffebeb"/></fillColor></a></e><t id="14" x="102" y="16.7080078125"><a><text><string>dta_nascimento</string></text></a></t></children></atr><atr id="15" nullable="false" attributeType="VARCHAR2(128)"><children><e id="16" x="195" y="64" w="80" h="20"><a><fillColor><color rgba="#ffffebeb"/></fillColor></a></e><t id="17" x="221.107421875" y="66.7080078125"><a><text><string>sexo</string></text></a></t></children></atr><lcaf id="18"><points><p colinear="true" x="78.66129032258064" y="76" c1x="0" c1y="0" c2x="0" c2y="0"/><p colinear="true" x="142.24193548387098" y="112" c1x="0" c1y="0" c2x="0" c2y="0"/></points><startConnector><rConnector id="19"><Owner><atr ref="f"/></Owner></rConnector></startConnector><endConnector><rConnector id="1a"><Owner><ent ref="0"/></Owner></rConnector></endConnector></lcaf><lcaf id="1b"><points><p colinear="true" x="152.00028170072116" y="34" c1x="0" c1y="0" c2x="0" c2y="0"/><p colinear="true" x="167.35111177884613" y="112" c1x="0" c1y="0" c2x="0" c2y="0"/></points><startConnector><rConnector id="1c"><Owner><atr ref="12"/></Owner></rConnector></startConnector><endConnector><rConnector id="1d"><Owner><ent ref="0"/></Owner></rConnector></endConnector></lcaf><lcaf id="1e"><points><p colinear="true" x="223.05555555555554" y="84" c1x="0" c1y="0" c2x="0" c2y="0"/><p colinear="true" x="189.61111111111111" y="112" c1x="0" c1y="0" c2x="0" c2y="0"/></points><startConnector><rConnector id="1f"><Owner><atr ref="15"/></Owner></rConnector></startConnector><endConnector><rConnector id="20"><Owner><ent ref="0"/></Owner></rConnector></endConnector></lcaf><atrchave id="21" nullable="false" attributeType="NUMBER"><children><e id="22" x="199" y="402" w="80" h="20"><a><fillColor><color rgba="#ffffebeb"/></fillColor></a></e><t id="23" x="204.376953125" y="404.7080078125"><a><fontUnderlined><boolean>true</boolean></fontUnderlined><fontBold><boolean>true</boolean></fontBold><text><string>id_doenca</string></text></a></t></children></atrchave><atrchave id="24" nullable="false" attributeType="NUMBER"><children><e id="25" x="645" y="178" w="132.177734375" h="20"><a><fillColor><color rgba="#ffffebeb"/></fillColor></a></e><t id="26" x="655" y="180.7080078125"><a><fontUnderlined><boolean>true</boolean></fontUnderlined><fontBold><boolean>true</boolean></fontBold><text><string>id_medicamento</string></text></a></t></children></atrchave><atr id="27" nullable="false" attributeType="VARCHAR2(128)"><children><e id="28" x="307" y="451" w="80" h="20"><a><fillColor><color rgba="#ffffebeb"/></fillColor></a></e><t id="29" x="318.857421875" y="453.7080078125"><a><text><string>descricao</string></text></a></t></children></atr><atr id="2a" nullable="false" attributeType="VARCHAR2(128)"><children><e id="2b" x="652" y="230" w="80" h="20"><a><fillColor><color rgba="#ffffebeb"/></fillColor></a></e><t id="2c" x="658.4052734375" y="232.7080078125"><a><text><string>designacao</string></text></a></t></children></atr><lcaf id="2d"><points><p colinear="true" x="308" y="408.8348623853211" c1x="0" c1y="0" c2x="0" c2y="0"/><p colinear="true" x="279" y="410.1651376146789" c1x="0" c1y="0" c2x="0" c2y="0"/></points><startConnector><rConnector id="2e"><Owner><ent ref="c"/></Owner></rConnector></startConnector><endConnector><rConnector id="2f"><Owner><atrchave ref="21"/></Owner></rConnector></endConnector></lcaf><lcaf id="30"><points><p colinear="true" x="605.30078125" y="194.3751390351987" c1x="0" c1y="0" c2x="0" c2y="0"/><p colinear="true" x="645" y="191.98273315246496" c1x="0" c1y="0" c2x="0" c2y="0"/></points><startConnector><rConnector id="31"><Owner><ent ref="9"/></Owner></rConnector></startConnector><endConnector><rConnector id="32"><Owner><atrchave ref="24"/></Owner></rConnector></endConnector></lcaf><lcaf id="33"><points><p colinear="true" x="605.30078125" y="215.203426124197" c1x="0" c1y="0" c2x="0" c2y="0"/><p colinear="true" x="657.0358072916666" y="230" c1x="0" c1y="0" c2x="0" c2y="0"/></points><startConnector><rConnector id="34"><Owner><ent ref="9"/></Owner></rConnector></startConnector><endConnector><rConnector id="35"><Owner><atr ref="2a"/></Owner></rConnector></endConnector></lcaf><lcaf id="36"><points><p colinear="true" x="347.6296296296296" y="427" c1x="0" c1y="0" c2x="0" c2y="0"/><p colinear="true" x="347.18518518518516" y="451" c1x="0" c1y="0" c2x="0" c2y="0"/></points><startConnector><rConnector id="37"><Owner><ent ref="c"/></Owner></rConnector></startConnector><endConnector><rConnector id="38"><Owner><atr ref="27"/></Owner></rConnector></endConnector></lcaf><rel id="39"><children><diamond id="3a" x="340" y="265" w="64" h="32"><a><fillColor><color rgba="#ffddddff"/></fillColor></a></diamond><t id="3b" x="358.9130859375" y="273.7080078125"><a><text><string>cura</string></text></a></t></children></rel><entrel id="3c"><children><r id="3d" x="317" y="130" w="71.3671875" h="32"><a><fillColor><color rgba="#ffebffe8"/></fillColor></a></r><diamond id="3e" x="317" y="130" w="71.3671875" h="32"><a><fillColor><color rgba="#ffddddff"/></fillColor></a></diamond><t id="3f" x="330.8076171875" y="138.7080078125"><a><text><string>tratado</string></text></a></t></children></entrel><llabelMuitos id="40"><points><p colinear="true" x="388.3671875" y="155.64086743858013" c1x="0" c1y="0" c2x="0" c2y="0"/><p colinear="true" x="485" y="181.7487797205281" c1x="0" c1y="0" c2x="0" c2y="0"/></points><startConnector><rConnector id="41"><Owner><entrel ref="3c"/></Owner></rConnector></startConnector><endConnector><rConnector id="42"><Owner><ent ref="9"/></Owner></rConnector></endConnector><a><text><string>N</string></text></a></llabelMuitos><llabelMuitos id="43"><points><p colinear="true" x="317" y="142.47440982868414" c1x="0" c1y="0" c2x="0" c2y="0"/><p colinear="true" x="228" y="133.6810823559682" c1x="0" c1y="0" c2x="0" c2y="0"/></points><startConnector><rConnector id="44"><Owner><entrel ref="3c"/></Owner></rConnector></startConnector><endConnector><rConnector id="45"><Owner><ent ref="0"/></Owner></rConnector></endConnector><a><text><string>M</string></text></a></llabelMuitos><llabelDoubleUm id="46"><points><p colinear="true" x="368.95238095238096" y="297" c1x="0" c1y="0" c2x="0" c2y="0"/><p colinear="true" x="351.8095238095238" y="387" c1x="0" c1y="0" c2x="0" c2y="0"/></points><startConnector><rConnector id="47"><Owner><rel ref="39"/></Owner></rConnector></startConnector><endConnector><rConnector id="48"><Owner><ent ref="c"/></Owner></rConnector></endConnector><a><innerStrokeWidthFactor><double>3</double></innerStrokeWidthFactor></a></llabelDoubleUm><llabelMuitos id="49"><points><p colinear="true" x="404" y="265.6607334213168" c1x="0" c1y="0" c2x="0" c2y="0"/><p colinear="true" x="503.4274049322289" y="218" c1x="0" c1y="0" c2x="0" c2y="0"/></points><startConnector><rConnector id="4a"><Owner><rel ref="39"/></Owner></rConnector></startConnector><endConnector><rConnector id="4b"><Owner><ent ref="9"/></Owner></rConnector></endConnector><a><text><string>N</string></text></a></llabelMuitos><atr id="4c" nullable="false" attributeType="VARCHAR2(128)"><children><e id="4d" x="297" y="89" w="64" h="16"><a><fillColor><color rgba="#ffffebeb"/></fillColor></a></e><t id="4e" x="299.9755859375" y="89.7080078125"><a><text><string>dta_inicio</string></text></a></t></children></atr><atr id="4f" nullable="false" attributeType="VARCHAR2(128)"><children><e id="50" x="383" y="89" w="64" h="16"><a><fillColor><color rgba="#ffffebeb"/></fillColor></a></e><t id="51" x="391.8876953125" y="89.7080078125"><a><text><string>dta_fim</string></text></a></t></children></atr><lcaf id="52"><points><p colinear="true" x="332.8667091836735" y="105" c1x="0" c1y="0" c2x="0" c2y="0"/><p colinear="true" x="344.9501753826531" y="130" c1x="0" c1y="0" c2x="0" c2y="0"/></points><startConnector><rConnector id="53"><Owner><atr ref="4c"/></Owner></rConnector></startConnector><endConnector><rConnector id="54"><Owner><entrel ref="3c"/></Owner></rConnector></endConnector></lcaf><lcaf id="55"><points><p colinear="true" x="404.82589285714283" y="105" c1x="0" c1y="0" c2x="0" c2y="0"/><p colinear="true" x="373.0318080357143" y="130" c1x="0" c1y="0" c2x="0" c2y="0"/></points><startConnector><rConnector id="56"><Owner><atr ref="4f"/></Owner></rConnector></startConnector><endConnector><rConnector id="57"><Owner><entrel ref="3c"/></Owner></rConnector></endConnector></lcaf></figures></drawing>